,date,user,content,lang
0,2021-02-24,ArjunSinghPanam,"The world progresses while the Indian police and Govt are still trying to take India back to the horrific past through its tyranny. 

@narendramodi @DelhiPolice Shame on you. 

#ModiDontSellFarmers 
#FarmersProtest 
#FreeNodeepKaur https://t.co/es3kn0IQAF",en
1,2021-02-24,PrdeepNain,"#FarmersProtest 
#ModiIgnoringFarmersDeaths 
#ModiDontSellFarmers 
@Kisanektamorcha 
Farmers constantly distroying crops throughout India. 
Really, it's hearts breaking...we care about our crops like our children. And govt. agriculture minister is laughing on usЁЯЪЬЁЯМ╛WE WILL WINЁЯТк https://t.co/kLspngG9xE",en
2,2021-02-24,parmarmaninder,"рикрйИриЯри░рйЛри▓ рижрйАриЖриВ риХрйАриоридри╛риВ риирйВрй░ риорй▒рижрйЗриириЬри╝ри░ ри░рй▒риЦрижрйЗ ри╣рйЛриП 
риорйЗри░рйЗ ри╣ри┐ри╕ри╛рим риири╛ри▓ римри╛ри╣ри░(рикрйНри░рижрйЗри╕ри╝) риЬри╛риг риири╛ри▓рйЛриВ римри┐ри╣ридри░ риЖ ринри╛ри░рид 'риЪ рикрйИриЯри░рйЛри▓ рикрй░рик рикри╛ ри▓риИриПред ЁЯдлЁЯдлЁЯдФЁЯдФ
#FarmersProtest",pa
3,2021-02-24,anmoldhaliwal,"@ReallySwara @rohini_sgh watch full video here https://t.co/wBPNdJdB0n
#farmersprotest #NoFarmersNoFood https://t.co/fUsTOKOcXK",en
4,2021-02-24,KotiaPreet,#KisanEktaMorcha #FarmersProtest #NoFarmersNoFood https://t.co/g9TYYBHQRH,und
5,2021-02-24,babli_708,Jai jwaan jai kissan #FarmersProtest #ModiIgnoringFarmersDeaths https://t.co/LXi7d92wwf,hi
6,2021-02-24,Varinde17354019,#FarmersProtest,und
7,2021-02-24,BitnamSingh,"#ModiDontSellFarmers
#FarmersProtest https://t.co/uGQb1O5Jg9",und
8,2021-02-24,anmoldhaliwal,"@mandeeppunia1 watch full video here https://t.co/wBPNdJdB0n
#farmersprotest #NoFarmersNoFood https://t.co/71iMqEc6aK",en
9,2021-02-24,SatThiara,#FarmersProtest https://t.co/ehd5FBSZGx,und
10,2021-02-24,PasumaiVikatan,"роХрпЛродрпБроорпИрокрпН рокропро┐ро░рпНроХро│рпИ роЕро┤ро┐родрпНродрпБ ро╡ро┐ро╡роЪро╛ропро┐роХро│рпН рокрпЛро░ро╛роЯрпНроЯроорпН..!

#WheatField #FarmersProtest https://t.co/YxSvdpRPgg",ta
11,2021-02-24,anmoldhaliwal,"@mandeeppunia1 watch full video here https://t.co/wBPNdJdB0n
#farmersprotest #NoFarmersNoFood https://t.co/NFMJeQRTJ2",en
12,2021-02-24,ShariaActivist,"Another farmer, Malkeet Singh from Mahilpur, Hoshiarpur has passed away at the Delhi protest site. #FarmersProtest https://t.co/UyY4J3NKzg",en
13,2021-02-24,babli_708,Jai kissan #FarmersProtest  #ModiDontSellFarmers https://t.co/udqwW1NO0g,hu
14,2021-02-24,Dallehal,#FarmersProtest https://t.co/iiGHGzKFcX,und
15,2021-02-24,KaurAma57668156,"ри╕ри░риХри╛ри░рйЗ риирйА ридрйЗри░рйЗ риХрй░рио риири┐риХрй░риорйЗ
рилрйЗри░ риЖриЦрйЗриЧрйА рикрйБрй▒рид римри╛риЧри╝рйА риЬрй░риорйЗ
#FarmersProtest
#ModiDontSellFarmers https://t.co/arKLO9qIMK",pa
16,2021-02-24,KaurDosanjh1979,@akshaykumar Hi can you tell your boss #ModiDontSellFarmers thanks #FarmersProtest,en
17,2021-02-24,ArjunSinghPanam,"#ModiDontSellFarmers 
#farmersprotest https://t.co/rBlqRpnixj",und
18,2021-02-24,anmoldhaliwal,"@taapsee watch full video #farmersprotest #NoFarmersNoFood 
https://t.co/wBPNdJdB0n https://t.co/Ijtzk3Hv9C",en
19,2021-02-24,BitnamSingh,#FarmersProtest https://t.co/8OeC86VPfB,und
20,2021-02-24,Satende09192805,"Despite of increasing #taxes on #petrolDiesel must increase #taxes on #alcohol , #cigarettes and #tobacco 
#aatamnirbhartbharat #Kissables
#PetrolPriceHike 
#PetrolPrice #ModiHaiToMehngaiHai
@PetroleumMin @PMOIndia 
#modi_rojgaar_рджреЛ #BJP #FarmersProtest #Budget2021",en
21,2021-02-24,rajraka,"рдЖрдЬ рдХрд▓ рд▓реЛрдЧ рдореЗрд░реА рдкреЛрд╕реНрдЯ рдХреЛ рдРрд╕реЗ рдЗрдЧреНрдиреЛрд░ рдХрд░ рд░рд╣реЗ рд╣реИ рдЬреИрд╕реЗ рдкреЗрдЯреНрд░реЛрд▓ рдХреЗ рджрд╛рдо рдореИрдиреЗ рд╣реА рдмрдврд╝рд╛рдпрд╛ рд╣реИ...ЁЯЩДЁЯЩД
#FarmersProtest",hi
22,2021-02-24,algo_121,Mockery and menace of #sedition charges. #FarmersProtest,en
23,2021-02-24,punjabkesari,"рдХрд┐рд╕рд╛рди рдЖрдВрджреЛрд▓рди : рджрд┐рд▓реНрд▓реА рдкреБрд▓рд┐рд╕ рдХреА рдХрд╛рд░реНрд░рд╡рд╛рдИ рдкрд░ рд╕рдВрдпреБрдХреНрдд рдореЛрд░реНрдЪрд╛ рдирд╛рд░рд╛рдЬ
https://t.co/r5wWmT35rL

#Haryanahindinews #sonipathindinews #FarmersProtest #delhipolice #action https://t.co/3E0XpKRM4O",hi
24,2021-02-24,MaanDee08215437,"@ArmaanMalik22 #ModiDontSellFarmers
#FarmersProtest",und
25,2021-02-24,bot_shiv,"риЕриирйЗриХ ри╕рй▒ри╕рйАриЖриВ
ри╕риори╛риЬ ри░рйЗридри┐риЖриВ риирйЗ ри╕ри╛рйЬрйАриЖриВ
риЖ риЬри╝ри░ри╛ риХрйБ риЫрйЗрйЬ
риЬри╝ри┐рй░рижриЧрйА рижрйЗ римрйЗ-ри╕рйБри░рйЗ риЬри┐ри╣рйЗ ридри╛ри▓
риЕри▓ри╛рик риорйМрид рижри╛ риЦри╝ри┐риЖри▓ 

#FarmersProtest",pa
26,2021-02-24,KaurDosanjh1979,@akshaykumar #FarmersProtest,und
27,2021-02-24,anmoldhaliwal,"@taapsee watch full video #farmersprotest #NoFarmersNoFood 
https://t.co/wBPNdJdB0n https://t.co/y7dW9Nv7vm",en
28,2021-02-24,kdhanjal12,What's left to hear from Modi? Lol #FarmersProtest https://t.co/s59A00YoaJ,en
29,2021-02-24,lalittkr,@ShekharGupta @khanthefatima @MainaBismee #FarmersProtest is giving new hope of uniting the country and discounting the hatred of religion. LetтАЩs unite and promote Unity in Diversity in true sense. ЁЯЗоЁЯЗ│ Be ProudIndian by BeingHuman,en
30,2021-02-24,Bkuektaugrahan,"Another farmer, Malkeet Singh from Mahilpur, Hoshiarpur has passed away at the Delhi protest site. #FarmersProtest https://t.co/AuvbtsHa9c",en
31,2021-02-24,MaanDee08215437,"риорйЛрижрйА риЦрй▒риЪри░ римрй░рижри╛ риЙри╣ ридри╛риВ риЕрй░римри╛риирйАриЖ ри▓риИ ри▓рйБрй▒риЯ ри░ри┐ри╣ри╛ риЖрик ридри╛риВ риЭрйЛри▓ри╛ риЪрйБрй▒риХ риЖ
#ModiDontSellFarmers
#FarmersProtest https://t.co/efWFlecFDZ",pa
32,2021-02-24,JEEVANS46512157,"рдореЛрджреА рдЬреА рдЕрдм рддреЛ рдЕрдкрдиреА рдХреБрдореНрднрдХрд░рдг рдиреАрдВрдж рд╕реЗ рдЬрд╛рдЧрд┐рдпреЗ ред
рдЕрдм рджреЗрд╢ рдХрд╛ рдХрд┐рд╕рд╛рди рд╣реАрдВ рдирд╣реАрдВ рдмрд▓реНрдХрд┐ рдмреЗрд░реЛрдЬрдЧрд╛рд░ рдпреБрд╡рд╛ рднреА рдЖрдкрдХреЛ рдЬрдЧрд╛рдиреЗ рдореЗрдВ рд▓рдЧ рдЧрдпрд╛ рд╣реИ  #рдореЛрджреА_рдорддрд▓рдм_рджреЗрд╢_рдЪреМрдкрдЯ
#Modi_ji_Rojgar_do 
#FarmersProtest https://t.co/gAHPLdId3R",hi
33,2021-02-24,Qaumi_Awaz,"┌й╪│╪з┘Ж ╪к╪н╪▒█М┌й: ╪н┌й┘И┘Е╪к ┘╛╪з╪▒┘Д█М┘Е┘Ж┘╣ ┌й█Т ╪з╪н╪з╪╖█Б ┘Е█М┌║ ┘Б╪╡┘Д ╪з┌п╪з╪ж█Т ╪з┘И╪▒ ┘Ж┘Б╪╣ ┘Ж┘В╪╡╪з┘Ж ┌й╪з ┘Б█М╪╡┘Д█Б ┌й╪▒█Т╪М ┘╣┌й█М╪к 
#MSP #FarmersProtest #FarmLaws
https://t.co/fSLRNs4Fcu",ur
34,2021-02-24,Navjotk17902569,"рдЕрд░реНрдерд╡реНрдпрд╡рд╕реНрдерд╛ рдХреЛ рдкрдЯрд░реА рдкрд░ рд▓рд╛рдиреЗ рдХреЗ рд▓рд┐рдП рдкреНрд░рдзрд╛рдирдордВрддреНрд░реА рдЬреА рдиреЗ рд╕реБрдЭрд╛рд╡ рдорд╛рдВрдЧрд╛ рд╣реИред
рдореЗрд░рд╛ рд╕реБрдЭрд╛рд╡- рдЗрд╕реНрддреАрдлрд╛ рджреЗ рджреЛ!!

рдЖрдкрдХрд╛ рдХреНрдпрд╛ рд╕реБрдЭрд╛рд╡ рд╣реИ..??
#ModiDontSellFarmers 
#FarmersProtest",hi
35,2021-02-24,Harbind40455515,#FarmersProtest https://t.co/sHvAzFn3pP,und
36,2021-02-24,Dallehal,Pride of Britain charity hero helping poor India farmers fight government battle https://t.co/YgFBzPIWdZ #FarmersProtest,en
37,2021-02-24,Hindust32930460,#FarmersProtest https://t.co/8ddrttGRyf https://t.co/31i4vaXTSw,und
38,2021-02-24,Ben33822455,"Hi, I'm a common man. Please find me, at the time of elections to make fake promises. I might be at my worst with no home or job or no freedom of speech but will still have the right to vote
#FarmersProtest",en
39,2021-02-24,Bai221984,"#ModiDontSellFarmers
#FarmersProtest
#ReleaseDetainedFarmers https://t.co/J0Ah1G5g0m",und
40,2021-02-24,DharminJain,"Stadium name - Narendra Modi Stadium
One bowling end - AMBANI end
Other bowling end - ADANI end
#MoteraCricketStadium #Modi #India #INDvEND #BJP #modi_rojgaar_рджреЛ #FarmersProtest #modi_rojgar_do https://t.co/73t52Leihx",et
41,2021-02-24,MaanDee08215437,"#ModiDontSellFarmers
#FarmersProtest
риЗриХ риирйА риЖри╣ рижрйЛриирйЛриВ риЖЁЯСЗЁЯСЗ https://t.co/j9Nfj7YBEZ https://t.co/DQlf6nWchb",pa
42,2021-02-24,ziaulrahman_,"@nsitharaman ""рдпрджрд┐ рдХрд┐рд╕рд╛рдиреЛрдВ рдХреЗ рдкреНрд░рджрд░реНрд╢рди рдХреЛ рд╡реИрд╢реНрд╡рд┐рдХ рд╕реНрддрд░ рдкрд░ рдЙрдард╛рдирд╛ рд░рд╛рдЬрджреНрд░реЛрд╣ рд╣реИ,
 рддреЛ рдореИрдВ рдЬреЗрд▓ рдореЗрдВ рд╣реА рдареАрдХ рд╣реВрдВ.""  
- рджрд┐рд╢рд╛ рд░рд╡рд┐ (рдЕрджрд╛рд▓рдд рдореЗрдВ)
#FarmersProtest https://t.co/h3582ZOajM",hi
43,2021-02-24,Gulshan01991100,"@AmanJha0508 @diljitdosanjh Manmohan ne sonia D kiti, Tu modi D kr rea aa, chamcha chamchi bhen bhra
#kisanektazindabad
#farmersprotest",hi
44,2021-02-24,SANDEEP17320,"рдЕрдм рддреЛ рдмрд╣рдХрд╛рдиреЗ рдХреА рд╣реА рдХреЛрд╢рд┐рд╢ рд╣реЛ рд░рд╣реА рд╣реИ!!!....
#FarmersProtest 
#Farmer https://t.co/cuin66lYIi",hi
45,2021-02-24,HayreSay,Our pride of Britain ЁЯЩПЁЯП╜ @TheeraSingh #FarmersProtest https://t.co/31fW0KCn1D,en
46,2021-02-24,DharminJain,"Stadium name - Narendra Modi Stadium
One bowling end - AMBANI end
Other bowling end - ADANI end
#MoteraCricketStadium #Modi #India #INDvEND #BJP #modi_rojgaar_рджреЛ #FarmersProtest #modi_rojgar_do https://t.co/1DrXocJzq0",et
47,2021-02-24,GregMitchell62,@sarahwoodwriter @vivianavigil I know more about Tiger Woods accident than ... Whats going on with the tens of thousands of Indian farmers protesting. #FarmersProtest,en
48,2021-02-24,NKaur1469,OMG! Modi is trying to replace everyone else from the history and present with himself. Indians! Stop him before he becomes Bhasmasur and sallow you all. #FarmersProtest #ModiDontSellFarmers https://t.co/Bh4PEAE0hB,en
49,2021-02-24,aapkajamidar,"""рдпрджрд┐ рдХрд┐рд╕рд╛рдиреЛрдВ рдХреЗ рдкреНрд░рджрд░реНрд╢рди рдХреЛ рд╡реИрд╢реНрд╡рд┐рдХ рд╕реНрддрд░ рдкрд░ рдЙрдард╛рдирд╛ рд░рд╛рдЬрджреНрд░реЛрд╣ рд╣реИ,
 рддреЛ рдореИрдВ рдЬреЗрд▓ рдореЗрдВ рд╣реА рдареАрдХ рд╣реВрдВ.""  
- рджрд┐рд╢рд╛ рд░рд╡рд┐ (рдЕрджрд╛рд▓рдд рдореЗрдВ)
#FarmersProtest 

рдЬрдореАрджрд╛рд░ редред",hi
50,2021-02-24,Bunny30978708,"риФри░рид рижрйЗ риЕрй▒риери░рйВ риУри╕ рижрйА ридриХри▓рйАрил риЪ риПриирйЗ риири╣рйАриВ риири┐риХри▓рижрйЗ...

     риЬри┐риирйЗриВ риУри╣риирйВрй░ риУри╣ риЕри▓рилри╛риЬ ри░ри╡ри╛риЙриВрижрйЗ риирйЗриВ риЬри┐ри╕ ри╡ри┐риЪ риЙри╕ рижрйА римрйЗриЗрй▒риЬри╝ридрйА риХрйАридрйА риЧриИ ри╣рйЛри╡рйЗ..тА╝ 
                         @punjabisath1

#FarmersProtest
#ModiDontSellFarmers https://t.co/e8EhLibcAr",pa
51,2021-02-24,MaanDee08215437,"риорйАриЖ 
#ModiDontSellFarmers
#FarmersProtest https://t.co/eSu3w0Pvq2",pa
52,2021-02-24,NKaur1469,"Biggest enemies of Indian people are @ZeeNews @aajtak @republic @TimesNow &amp; all other similar channels. They are the actual terror spreaders, should be banned for the welfare of humankind.  #FarmersProtest #ModiDontSellFarmers https://t.co/0sTe650hWh",en
53,2021-02-24,BumblebeeUmeed,#FarmersProtest https://t.co/ODg2aD8odD,und
54,2021-02-24,Ramn_dip,#WMK #farmersprotest https://t.co/cxv1mXfLa6,und
55,2021-02-24,kdhanjal12,"I exposed dark secrets of Bollywood Demons In the previous post but seems like this man got offended by my post, I think he imagined himself as a Priyanka Chopra with Nick Jonas lol. People are really free to lecture on you even when  you're throwing out memes

#FarmersProtest https://t.co/qxSphq6bMZ",en
56,2021-02-24,Harvind06739900,@Tractor2twitr @CoryBooker @SenBooker #FarmersProtest,und
57,2021-02-24,MiLOKMAT,"рдирд░реЗрдВрджреНрд░ рдореЛрджреА рдЕрдиреН рдЕрдорд┐рдд рд╢рд╣рд╛рдВрдирд╛ рдбреЛрдХреЗрджреБрдЦреА, рдПрдХ рд░рд╛рдЬреНрдп рднрд╛рдЬрдкрд╛рдЪреНрдпрд╛ рд╣рд╛рддрд╛рддреВрди рдирд┐рд╕рдЯрдгреНрдпрд╛рдЪреА рд╢рдХреНрдпрддрд╛ #FarmersProtest 
https://t.co/Ff5Yh7vWKB",mr
58,2021-02-24,Protolicious,"Fearless 
#FarmersProtest https://t.co/roBi62MVDO",en
59,2021-02-24,Parmind43825521,"#FarmersProtest @mandeep_puniaa рдмреЗ-рдХрд╕реВрд░ рдХреЛ рдЯреНрд░рд╛рдпрд▓ рдХреЗ рдмрд╛рдж рдирд┐рд░реНрджреЛрд╖ рдХрд░рд╛рд░ рджреЗрдирд╛ рдЕрдзреВрд░рд╛ рдиреНрдпрд╛рдп рд╣реИ.! рдкреВрд░рд╛ рдиреНрдпрд╛рдп рддрдм рдорд╛рдирд╛ рдЬрд╛рдПрдЧрд╛...

рдЬрдм рдирд┐рд░реНрджреЛрд╖ рдХреЛ рдлрдВрд╕рд╛рдиреЗ рд╡рд╛рд▓реЗ рдХреЛ рджрдВрдб рдорд┐рд▓реЗ.!",hi
60,2021-02-24,NKaur1469,"@MahuaMoitra Ms Moitra, kindly strengthen the ties between your party and farmer unions to make this a***** тАШs defeat a reality. Please organize Delhi protest sites kind of rallies in WB. I wish BKU and SKM fulfill my this wish too. #FarmersProtest #ModiDontSellFarmers",en
61,2021-02-24,Cleo30358220,"Rest in power. 
#FarmersProtest 
#ModiIgnoringFarmersDeaths https://t.co/4JPNIAkeqt",en
62,2021-02-24,BeQusoor,"рдХрд┐рд╕рд╛рди рдЕрдирд╛рдЬ рдмреЛрдиреЗ рдХреЗ рд▓рд┐рдП рд╕рдВрдШрд░реНрд╖ рдХрд░ рд░рд╣реЗ рд╣реИрдВ
рдФрд░ рд╕рд░рдХрд╛рд░ рдиреЗ рдЬрдЧрд╣-рдЬрдЧрд╣ рдЪрд░рд╕ рдмреЛ рд░рдЦреНрдЦрд╛ рд╣реИ!
#FarmersProtest",hi
63,2021-02-24,Harvind06739900,"@Bkuektaugrahan #ModiDontSellFarmers 
#FarmersProtest",und
64,2021-02-24,maalaimalar,"рокро╕рпНроХро│рпН роиро╛ро│рпИ ро╡ро┤роХрпНроХроорпН рокрпЛро▓рпН роУроЯрпБроорпН- ро╡рпЗро▓рпИроХрпНроХрпБ ро╡ро░ро╛родро╡ро░рпНроХро│рпБроХрпНроХрпБ роЪроорпНрокро│роорпН роХро┐роЯрпИропро╛родрпБ

#TNBus #BusStrike #FarmersProtest #Sasikala #Sarathkumar #RadhikaSarathkumar #AIADMK #ADMK #PMModi #Jayalalithaa #Nadhiya #ActressNadhiya #COVID19

https://t.co/ByURJZ7dig via @YouTube",ta
65,2021-02-24,SADA_ANG_SANGE,"рикрйВриЫри╛ риХри┐ ри░ри╛риЦрйА риХри░ридрйЗ ри╣рйЛ ри╕ри┐риЦрйЛриВ риХрйА риХри┐ри╕ридри░рйНри╣ри╛,
риЬрйЛриЧрйЗ риХрйЛ ри╡рйЗри╕ри╡ри╛ ри╕рйЗ, риЬри╛ римриЪри╛ рижрйАриЖ риХри┐ рипрйВрй░ ред

риори╛риири╛ риЦри╝ри▓риХ риирйЗ риЖрик риХрйБри░римри╛риирйА риХрйЗ рикрйБридри▓рйЗ ри╣рйИриВ,
риЦрйБриж риХрйЛ ринрйА ри▓рйЗриЦрйЗ ри▓ри╛ рижрйАриЖ, рижри░ри╕ри╛ рижрйАриЖ риХри┐ рипрйВрй░ ред 

#FarmersProtest #ModiDontSellFarmers",pa
66,2021-02-24,IBC24News,"рдХрд╛рдВрдЧреНрд░реЗрд╕ рдиреЗ рдХрднреА рдХрд┐рд╕рд╛рдиреЛрдВ рдХрд╛ рдХрд░реНрдЬ рдорд╛рдл рдирд╣реАрдВ рдХрд┐рдпрд╛, рд╣рдорд╛рд░реА рд╕рд░рдХрд╛рд░ рдЙрдирдХреА рднрд▓рд╛рдИ рдореЗрдВ рдХрд╛рдо рдХрд░ рд░рд╣реА рд╣реИ : рдЕрдиреБрд░рд╛рдЧ рдард╛рдХреБрд░

@ianuragthakur | @BJP4India | @INCIndia |  #FarmersProtest | #IndianFarmers https://t.co/HbtUseYyUU",hi
67,2021-02-24,PSF_INDIA_NGO,"RT @Raza_AKhan: Villages after villages are flooding with andolan-jivis to protest against the black farm laws.

ItтАЩs an ocean of heads everywhere to support #FarmersProtest 

Only a blind canтАЩt see the #MahapanchayatRevolution https://t.co/yZOjpA4twC (тАж https://t.co/1o5NtplywV)",en
68,2021-02-24,SADA_ANG_SANGE,"рикрйВриЫри╛ риХри┐ риЖрик рижрйЗридрйЗ ри╣рйЛ риХрйБри░римри╛риирйА риХри┐ри╕ ридри░рйНри╣ри╛,
ри▓риЦридри┐-риЬри┐риЧри░ риЪриориХрйМри░ риорйЗриВ риХриЯри╡ри╛ рижрйАриЖ риХри┐ рипрйВрй░ ред

рикрйВриЫри╛ ри╕ри╝ри╣ри┐рй▒риири╕ри╝ри╛ри╣ ри╣рйЛридрйЗ ринрйА риХрйИри╕рйЗ рилри╝риХрйАри░ ри╣рйЛ,
римриирйЗ ри╡рйЛри╣ рикрйАри░ риЙриЪ риХрйЗ, риориири╡ри╛ рижрйАриЖ риХри┐ рипрйВрй░ ред

рикрйВриЫри╛ риХри┐ риХри┐ри╕ридри░рйНри╣ри╛ ридрйБрио ри╕ри░римрй░ри╕ рижри╛риирйА ри╣рйЛ,
риШри░ римри╛ри░ риФри░ рикри░ри╡ри╛ри░ риХрйЛ ри▓рйБриЯри╡ри╛ рижрйАриЖ риХри┐ рипрйВрй░ ред

#FarmersProtest #ModiDontSellFarmers",pa
69,2021-02-24,KaurAma57668156,"ри╣ри╛ри░рижрйЗ риирйА ри╣рйБрй░рижрйЗ риХрижрйЗ риори░риж рижри▓рйЗри░ ЁЯСНЁЯСН
#FarmersProtest
#ModiDontSellFarmers https://t.co/5AhZfZ9YPB",pa
70,2021-02-24,Harvind06739900,"@Monica_Gill1 #FarmersProtest 
#Pagri_Sambhal_Jatta",und
71,2021-02-24,janaan99,"The '#DelhiChalo' #farmersprotest at border points of New Delhi has entered the 91st day today.
https://t.co/ifRHIbpK51",en
72,2021-02-24,SADA_ANG_SANGE,"рикрйВриЫри╛ риХри┐ ри╕рйВри░римрйАри░рйЛриВ риХрйЛ риХрйИри╕рйЗ ри╣рйЛ риЬрйАридридрйЗ,
риири┐риЧри╛ри╣ ри╕рйЗ ри╕рйИриж риЦри╝ри╛рии риХрйЛ, риЭрйБриХри╡ри╛ рижрйАриЖ риХри┐ рипрйВрй░ ред

рикрйВриЫри╛ риХри┐ риЪрйАриЯрйА риХрйИри╕рйЗ ри╣рйЛ ри╣ри╛риерйА рикрйИ рикрйЗри▓ридрйЗ,
риХри╣ри┐ риХри░ римриЪри┐ридрйНри░ ри╕ри┐рй░риШ риХрйЛ, рижрйБри╣ри░ри╛ рижрйАриЖ риХри┐ рипрйВрй░ ред

#FarmersProtest #ModiDontSellFarmers",pa
73,2021-02-24,Jasmine_R310,"@mkinthuk @amaanbali Some strange phenomenon is happening. Every post I look at related to the #farmersprotest, I see a stupid comment like this one! I read somewhere that the BJP IT cell is in overdrive mode and is trying their hardest to defame the farmers movement, is it true??",en
74,2021-02-24,MaanDee08215437,"ри╡ри╛ри╣ри┐риЧрйБри░рйВ риорйЗри╣ри░ риХри░рии ри╕рим ридрйЗ 
#ModiDontSellFarmers
#FarmersProtest https://t.co/zAQrgZtLQJ",pa
75,2021-02-24,Sukhveersekhon8,"#wesupportnovdeepkaur
#FarmersProtest 
#wesupportfarmers https://t.co/XzbDzs3LVw",und
76,2021-02-24,Lakha28477590,#FarmersProtest #kisanektazindabaad #delhi https://t.co/xXuGl8E9Mo,und
77,2021-02-24,Radical75519582,"#рдореЛрджреА_рдорддрд▓рдм_рджреЗрд╢_рдЪреМрдкрдЯ this is the best hashtag of the year 2021
#FarmersProtest 
#рдХрд┐рд╕рд╛рди_MSP_рдпреБрд╡рд╛_рд░реЛрдЬрдЧрд╛рд░_рдорд╛рдВрдЧреЗ 
#IndiaStandsWithFarmers 
#GoAwayModi",en
78,2021-02-24,SADA_ANG_SANGE,"рикрйВриЫри╛ риХри┐ риЖрик римрйБриЬри╝рижри┐ри▓рйА риХри░ридрйЗ ри╣рйЛ риХрйИри╕рйЗ рижрйВри░,
риЪри┐рйЬрйАриУриВ ри╕рйЗ ри▓рйЗ риХрйЗ римри╛риЬ риХрйЛ ридрйБрйЬри╡ри╛ рижрйАриЖ риХри┐ рипрйВрй░ ред

рикрйВриЫри╛ риХри┐ риЬри╛рии риорйБри░рижрйЛриВ риорйЗриВ, риХрйИри╕рйЗ ри╣рйЛ рибри╛ри▓ридрйЗ,
риЕрй░риорйНри░рид риЫриХри╛ риХрйЗ риорйЛри╣риЬриЬри╝ри╛, рижри┐риЦри▓ри╛ рижрйАриЖ риХри┐ рипрйВрй░ ред

#FarmersProtest #ModiDontSellFarmers",pa
79,2021-02-24,NareshNTohana,"рдкрд╢реНрдЪрд┐рдо рд╕реЗ рддреЛ рдШрдгреЗ рдЖрдЧреЗ рдмрдврд╝ рд▓рд┐рдП рд╣рдо !

рдирдиреНрд╣реЗ рдореБрдиреНрдиреЗ рдкрддреНрд░рдХрд╛рд░реЛрдВ :))) #FarmersProtest https://t.co/lnQNXXhySR",hi
80,2021-02-24,SADA_ANG_SANGE,"риХри░ридрйЗ ри╣рйЛ риирйЗриХрйА риХри┐ри╕ ридри░рйНри╣ри╛, римридри▓ри╛ рижрйАриЖ риХри┐ рипрйВрй░ ред

рикрйВриЫри╛ риХри┐ ри╣ри┐рй░риж ри░рй▒риЦри┐риЖ, ри╣рйЛридрйА ри╣рйИ риХри┐ри╕ ридри░рйНри╣ри╛,
ри╡ри╛ри▓ри┐риж риХрйЛ ринрйЗриЬ рижри┐рй▒ри▓рйА риорйЗриВ, риЬридри▓ри╛ рижрйАриЖ риХри┐ рипрйВрй░ ред

рикрйВриЫри╛ риХри┐ риори╣ри┐ри▓ риХрйМрио риХри╛, римрииридри╛ ри╣рйИ риХри┐ри╕ ридри░рйНри╣ри╛,
римрйЗриЯрйЗ риЪрйБриири╛ рижрйАри╡ри╛ри░ риорйЗриВ, ри╕риориЭри╛ рижрйАриЖ риХри┐ рипрйВрй░ ред

#FarmersProtest #ModiDontSellFarmers",pa
81,2021-02-24,Shriman18513481,"Ye TAKLA photo dekh RAHAA hai
#FarmersProtest https://t.co/PIedydSMNz",hi
82,2021-02-24,kaurgillv,"May you rest in peace Sir ЁЯЩПЁЯП╗

#ModiDontSellFarmers 
#FarmersProtest https://t.co/3cxnmbceki",en
83,2021-02-24,Mandeep81101362,#SupportFarmersProtest #FarmersProtest 4 https://t.co/FHKaGGjSfg,und
84,2021-02-24,NKaur1469,Kindly read this thread ЁЯСЗЁЯП╜Makes so much sense even good for replying to some тАШliterateтАЩ Modi bhakats . #ModiDontSellFarmers  #FarmersProtest https://t.co/7nRPKiFGRv,en
85,2021-02-24,tinder108,"#FarmersProtest #ModiDontSellFarmers 
Sala kaaana https://t.co/bFO4xe1yQU",tl
86,2021-02-24,Harvind06739900,"@Bkuektaugrahan @ANI @PTI_News #FarmersProtest 
#Pagri_Sambhal_Jatta",und
87,2021-02-24,Mandeep60001864,"риорйЛрижрйА риЦрй▒риЪри░ ридрйЗ ринриЧрид 
#ModiDontSellFarmers
#FarmersProtest",pa
88,2021-02-24,AkshayBanga1,"@FanPageHai #рдореЛрджреА_рдорддрд▓рдм_рджреЗрд╢_рдЪреМрдкрдЯ 
#FarmersProtest
#ModiDontSellFarmers 
#рдореЛрджреА_рдорддрд▓рдм_рджреЗрд╢_рдЪреМрдкрдЯ 
#cgl2019marks
#modi_rojgar_do
#рдХрдм_рдорд┐рд▓реЗрдЧрд╛_рдиреНрдпрд╛рдп
Waiting for ur response with a video on unemployed youth ЁЯЩМ
Support h ЁЯЩМЁЯТЬ",en
89,2021-02-24,Shriman18513481,"NAACH NA AAYE TO ANGAN THEDA 
#BJP BALATKARI JANTA PARTY.

#Unnao #Unnao_ki_Beti #WestBengal #WestBengalElection2021 #Kolkata #AssamBachao #Assamese #FarmersProtest https://t.co/25t6BZTsMH https://t.co/ImtxnHIHRn",hi
90,2021-02-24,Hindust32930460,"Yaha Kisan se le kar Aam Insaan mar raha hai...
Shame on Modi Government. 

Jai Kisan

#FarmersProtest https://t.co/Dh4PEjBZRn https://t.co/ZKOv4gosHL",hi
91,2021-02-24,Harvind06739900,"@Bkuektaugrahan #FarmersProtest 
#Pagdi_Sambhal_Jatta",und
92,2021-02-24,SADA_ANG_SANGE,"рикри┐рй░риЬри░рйЗ рижрйА риХрйИриж ридрйЛриВ риЖриЬри╝ри╛риж риХри░,
риЕри░ри╕ри╝ ридрйЗ рикри░ри╡ри╛риЬри╝ риХри░риири╛ ри╕ри┐риЦри╛ риЧриИ ред

риори┐риЯ ри╕риХрйЗ ри╣ри╕ридрйА риири╛ риЪри╛ридрйНри░ри┐риХ рижрйА риХрижрйЗ,
риЬри╝ри┐рй░рижриЧрйА рижри╛ ринрйЗриж риЗри╣ ри╕риориЭри╛ риЧриИ ред

( ри▓ри╛ри▓ри╛ ризриирйА ри░ри╛рио риЪри╛ридрйНри░ри┐риХ )

#FarmersProtest #ModiDontSellFarmers",pa
93,2021-02-24,sumitk_79,#рдмреНрд░рд╛рд╣реНрдордгрд╡рд╛рдж_рдЬрд╣рд░_рд╣реИ #modi_rojgaar_рджреЛ #Modi_rojgar_do #MoteraCricketStadium #sardarpatelstadium #SardarVallabhbhaiStadium #MoteraStadium #ModiFuelScam #LooteriBJP #PetrolDieselPriceHike #FarmersProtest #SupportFarmersProtest https://t.co/ZkqRlqsHOJ,und
94,2021-02-24,OptimisticSanti,#FarmersProtest #ReleaseDetainedFarmers https://t.co/ilsc1qoJuK,und
95,2021-02-24,OptimisticSanti,"ЁЯдг
#FarmersProtest ЁЯзСтАНЁЯМ╛ЁЯСйтАНЁЯМ╛ЁЯМ▒ЁЯХКЁЯМН
#ReleaseDetainedFarmers https://t.co/wUQWAkcToK",und
96,2021-02-24,bot_shiv,"ри░рйЛриВрижрйЗ ри░ри╣рйЗ ри╕ри┐ридри╛ри░рйЗ риЕрй░римри░рйАриВ
рилрйВри╣рйЬрйА рикри╛ риири┐риори╛ригрйЗ 

#FarmersProtest",pa
97,2021-02-24,MaanDee08215437,"риорйЛрижрйА риЦрй▒риЪри░ риЬрй░риори┐риЖриВ ри╣рйА риЕрй░римри╛риирйАриЖ рижрйЗ рилри╛риЗрижрйЗ ри▓риИ риЖ риЬрижрйЛриВ риХрйБри░ри╕рйА риЫрй▒риб риЧри┐риЖ рилри┐ри░ 56риЗрй░риЪ рижрйА риЫри╛ридрйА риЕрй░римри╛риирйА рижри╛ рикрйЛридри╛ риЦрйЗрибрйАриЖриВ риХри░рйБ 
#ModiDontSellFarmers
#FarmersProtest https://t.co/QvTFUIQTCD",pa
98,2021-02-24,SADA_ANG_SANGE,"риЬрйА риХрйЗ риори░риири╛ ри░рйЛриЬри╝ ри╕ри╛риВ ри╕ри┐риЦрижрйЗ ри░ри╣рйЗ,
риори░ риХрйЗ риЬрйАриЙриг рижри╛ риП риЪрйЗриЯриХ ри▓ри╛ риЧриИ ред

риХрйМриг риХри╣ри┐рй░рижри╛ ри╣рйИ риХри┐ риорйИриВ риХрй░риЧри╛ри▓ ри╣ри╛риВ,
риорйЗри░рйА рижрйМри▓рид римрйЗри╣ри┐ри╕ри╛рим ри▓ринри╛ риЧриИ ред

#FarmersProtest #ModiDontSellFarmers",pa
99,2021-02-24,grewaljagjit1,"Adani pavilion end ЁЯдгЁЯдгЁЯдг
#FarmersProtest  #MoteraCricketStadium https://t.co/yF04DHRvk0",es
